{
    "losses": [
        1.210719347000122e-08,
        0.004468209110200405,
        5.587935447692871e-09,
        0.0,
        1.862645149230957e-09,
        0.0004725940525531769,
        -1.862645149230957e-09,
        0.0008956938982009888,
        6.51925802230835e-09,
        0.0020623095333576202,
        0.0,
        0.0,
        1.0244548320770264e-08,
        0.0002766922116279602,
        0.0,
        0.0
    ],
    "avg_train_rewards": [
        0.0625,
        0.0625,
        0.03125,
        0.0,
        0.03125,
        0.03125,
        0.03125,
        0.09375,
        0.125,
        0.15625,
        0.125,
        0.125,
        0.03125,
        0.0625,
        0.0,
        0.125
    ],
    "avg_val_rewards": [],
    "ref_kls": [],
    "old_kls": []
}