{
    "losses": [
        7.450580596923828e-09,
        8.381903171539307e-09,
        -1.30385160446167e-08,
        2.0023435354232788e-08,
        0.0,
        6.51925802230835e-09,
        -9.313225746154785e-10,
        9.778887033462524e-09,
        6.05359673500061e-09,
        -7.450580596923828e-09,
        2.7939677238464355e-09,
        -2.7939677238464355e-09,
        -3.725290298461914e-09,
        4.6566128730773926e-09,
        -5.587935447692871e-09,
        -1.862645149230957e-09,
        9.313225746154785e-10,
        1.6763806343078613e-08,
        -6.51925802230835e-09,
        1.210719347000122e-08,
        -9.313225746154785e-09,
        -2.7939677238464355e-09,
        9.313225746154785e-10,
        -6.51925802230835e-09,
        -1.0244548320770264e-08,
        9.313225746154785e-10,
        -2.3283064365386963e-09,
        -1.862645149230957e-09,
        4.6566128730773926e-09,
        -6.05359673500061e-09
    ],
    "avg_train_rewards": [
        0.0390625,
        0.03125,
        0.0390625,
        0.0859375,
        0.15625,
        0.203125,
        0.203125,
        0.109375,
        0.1953125,
        0.234375,
        0.2109375,
        0.1328125,
        0.25,
        0.265625,
        0.21875,
        0.171875,
        0.328125,
        0.3046875,
        0.1015625,
        0.21875,
        0.2421875,
        0.1640625,
        0.0859375,
        0.1796875,
        0.2265625,
        0.2421875,
        0.109375,
        0.1484375,
        0.1796875,
        0.25
    ],
    "avg_val_rewards": [
        0.0,
        0.0,
        0.0,
        0.0,
        0.0,
        0.0,
        0.03125,
        0.0,
        0.0,
        0.03125,
        0.0,
        0.0,
        0.0,
        0.03125,
        0.03125,
        0.03125,
        0.0,
        0.0,
        0.03125,
        0.03125,
        0.0,
        0.0,
        0.0,
        0.0,
        0.03125,
        0.03125,
        0.0,
        0.0,
        0.0,
        0.0
    ],
    "ref_kls": [
        -0.07211647927761078,
        0.016968388110399246,
        0.09112483263015747,
        0.13828980922698975,
        0.26698654890060425,
        0.400484174489975,
        0.4986479878425598,
        0.6430116295814514,
        0.7691576480865479,
        0.8839025497436523,
        1.058961033821106,
        1.2344660758972168,
        1.3409905433654785,
        1.5635147094726562,
        1.581628680229187,
        1.7550522089004517,
        1.8492430448532104,
        1.9337422847747803,
        2.144425392150879,
        2.1593215465545654,
        2.2086472511291504,
        2.362147808074951,
        2.4966025352478027,
        2.4572575092315674,
        2.492422342300415,
        2.6164467334747314,
        2.983332872390747,
        3.239731788635254,
        3.257129430770874,
        3.635784864425659
    ],
    "old_kls": [
        -0.072116419672966,
        -0.045500803738832474,
        -0.029027026146650314,
        -0.04349309206008911,
        -0.030095301568508148,
        -0.021778129041194916,
        -0.015131713822484016,
        -0.015984514728188515,
        -0.01912800781428814,
        -0.023344188928604126,
        -0.015715129673480988,
        -0.014171349816024303,
        -0.02367512695491314,
        -0.020272867754101753,
        -0.02789921686053276,
        -0.02152700535953045,
        -0.017669303342700005,
        -0.038832053542137146,
        -0.03565293923020363,
        -0.023594582453370094,
        -0.04957365244626999,
        -0.025655364617705345,
        -0.029046079143881798,
        -0.03203357383608818,
        -0.03242269530892372,
        -0.060511913150548935,
        -0.047537174075841904,
        -0.04177556186914444,
        -0.0294924508780241,
        -0.023665471002459526
    ]
}