{
    "losses": [
        7.450580596923828e-09,
        1.862645149230957e-09,
        -1.862645149230957e-09,
        -1.0710209608078003e-08,
        1.1641532182693481e-08,
        -4.190951585769653e-09,
        -4.656612873077393e-10,
        1.3969838619232178e-09,
        2.7939677238464355e-09,
        -6.984919309616089e-09,
        -1.5366822481155396e-08,
        -2.1420419216156006e-08,
        1.0244548320770264e-08,
        1.862645149230957e-09,
        8.381903171539307e-09,
        -1.1641532182693481e-08,
        0.0,
        -3.632158041000366e-08,
        4.190951585769653e-09,
        9.313225746154785e-10
    ],
    "avg_train_rewards": [
        0.0390625,
        0.015625,
        0.03125,
        0.015625,
        0.0625,
        0.0390625,
        0.078125,
        0.078125,
        0.140625,
        0.1796875,
        0.171875,
        0.09375,
        0.1796875,
        0.2109375,
        0.21875,
        0.1328125,
        0.390625,
        0.28125,
        0.1015625,
        0.1875
    ],
    "avg_val_rewards": [],
    "ref_kls": [],
    "old_kls": []
}