{
    "losses": [
        1.1175870895385742e-08,
        0.0,
        -1.3504177331924438e-08,
        8.847564458847046e-09,
        -4.190951585769653e-09,
        -9.778887033462524e-09,
        -7.916241884231567e-09,
        5.587935447692871e-09,
        -2.3283064365386963e-09,
        1.6298145055770874e-08,
        4.190951585769653e-09,
        0.0,
        -1.6298145055770874e-08,
        -9.313225746154785e-10,
        1.30385160446167e-08,
        -2.7939677238464355e-09,
        -1.862645149230957e-09,
        -4.656612873077393e-10,
        -2.3283064365386963e-09,
        -5.122274160385132e-09,
        -9.778887033462524e-09,
        -1.257285475730896e-08,
        -8.381903171539307e-09,
        6.984919309616089e-09,
        -4.190951585769653e-09,
        -2.0954757928848267e-09,
        -5.587935447692871e-09,
        -1.862645149230957e-09,
        2.7939677238464355e-09,
        -1.1641532182693481e-08
    ],
    "avg_train_rewards": [
        0.0546875,
        0.0703125,
        0.1328125,
        0.078125,
        0.15625,
        0.1171875,
        0.1015625,
        0.2578125,
        0.2890625,
        0.25,
        0.171875,
        0.09375,
        0.3359375,
        0.2578125,
        0.328125,
        0.1015625,
        0.3515625,
        0.2109375,
        0.1484375,
        0.2109375,
        0.265625,
        0.1640625,
        0.2265625,
        0.359375,
        0.265625,
        0.203125,
        0.2265625,
        0.234375,
        0.21875,
        0.3046875
    ],
    "avg_val_rewards": [
        0.03125,
        0.125,
        0.0625,
        0.0625,
        0.15625,
        0.21875,
        0.21875,
        0.21875,
        0.1875,
        0.28125,
        0.3125,
        0.34375,
        0.28125,
        0.21875,
        0.25,
        0.28125,
        0.28125,
        0.21875,
        0.21875,
        0.21875,
        0.25,
        0.21875,
        0.25,
        0.21875,
        0.25,
        0.21875,
        0.25,
        0.21875,
        0.1875,
        0.28125
    ],
    "ref_kls": [
        -0.09909576922655106,
        0.024331433698534966,
        0.17014193534851074,
        0.2450544536113739,
        0.3128305673599243,
        0.4045194685459137,
        0.47412776947021484,
        0.6556511521339417,
        0.7026031613349915,
        0.828032910823822,
        0.9416830539703369,
        1.0086092948913574,
        1.0441594123840332,
        1.1604797840118408,
        1.3189244270324707,
        1.401867151260376,
        1.434327483177185,
        1.5463823080062866,
        1.6216861009597778,
        1.661731243133545,
        1.7259188890457153,
        1.7714831829071045,
        1.7694618701934814,
        1.7645784616470337,
        1.7783066034317017,
        1.8379985094070435,
        1.8917620182037354,
        1.9248812198638916,
        1.991021752357483,
        2.0182950496673584
    ],
    "old_kls": [
        -0.09909577667713165,
        -0.05896386876702309,
        -0.036889899522066116,
        -0.022585568949580193,
        -0.022346999496221542,
        -0.026839764788746834,
        -0.030427606776356697,
        -0.029423194006085396,
        -0.023051289841532707,
        -0.011799782514572144,
        -0.019551796838641167,
        -0.012441585771739483,
        -0.016130950301885605,
        -0.015501157380640507,
        -0.010039802640676498,
        -0.021344920620322227,
        -0.020433422178030014,
        -0.016538728028535843,
        -0.015469398349523544,
        -0.0084424102678895,
        -0.028060663491487503,
        -0.015557099133729935,
        -0.014073027297854424,
        -0.02323235012590885,
        -0.01824020966887474,
        -0.015662627294659615,
        -0.010899747721850872,
        -0.021403001621365547,
        -0.021245675161480904,
        -0.03630060330033302
    ]
}