{
    "losses": [
        -6.05359673500061e-09,
        -5.122274160385132e-09,
        1.862645149230957e-08,
        -3.259629011154175e-09,
        -3.725290298461914e-09,
        -4.656612873077393e-10,
        0.0,
        -6.984919309616089e-09,
        8.381903171539307e-09,
        9.313225746154785e-10,
        -1.862645149230957e-09,
        1.7229467630386353e-08,
        8.847564458847046e-09,
        -3.725290298461914e-09,
        -1.3969838619232178e-09,
        2.7939677238464355e-09,
        -1.816079020500183e-08,
        1.6763806343078613e-08,
        -3.725290298461914e-09,
        1.210719347000122e-08
    ],
    "avg_train_rewards": [
        0.015625,
        0.0390625,
        0.1015625,
        0.1015625,
        0.1953125,
        0.1484375,
        0.1640625,
        0.140625,
        0.21875,
        0.2578125,
        0.2265625,
        0.171875,
        0.2265625,
        0.296875,
        0.2578125,
        0.1640625,
        0.4609375,
        0.3125,
        0.1015625,
        0.28125
    ],
    "avg_val_rewards": [],
    "ref_kls": [],
    "old_kls": []
}