{
    "losses": [
        1.3969838619232178e-09,
        0.0012163701467216015,
        0.0,
        0.0010629782918840647,
        0.0,
        0.0016087926924228668,
        0.0018144214991480112,
        0.002752678468823433,
        0.0,
        0.0,
        0.0,
        0.0003229621797800064,
        0.0,
        0.0,
        0.0,
        0.0
    ],
    "avg_train_rewards": [
        0.09375,
        0.125,
        0.0,
        0.03125,
        0.0,
        0.03125,
        0.0625,
        0.0625,
        0.0,
        0.0,
        0.0,
        0.03125,
        0.0,
        0.0,
        0.0,
        0.0
    ],
    "avg_val_rewards": [],
    "ref_kls": [],
    "old_kls": []
}