{
    "losses": [
        -2.7939677238464355e-09,
        0.0008633569814264774,
        0.0,
        0.002633900847285986,
        6.51925802230835e-09,
        0.0006665871478617191,
        0.0011956533417105675,
        0.0009366036392748356,
        2.7939677238464355e-09,
        0.0004333639517426491,
        -7.500778883695602e-05,
        0.0012181084603071213,
        2.7939677238464355e-09,
        0.000209177378565073,
        0.0004789615049958229,
        0.0
    ],
    "avg_train_rewards": [
        0.09375,
        0.09375,
        0.0,
        0.03125,
        0.09375,
        0.03125,
        0.09375,
        0.15625,
        0.09375,
        0.09375,
        0.0625,
        0.125,
        0.09375,
        0.1875,
        0.125,
        0.0
    ],
    "avg_val_rewards": [],
    "ref_kls": [],
    "old_kls": []
}