{
    "losses": [
        3.0423205288343524e-08,
        0.02081042155623436,
        0.029001742601394653,
        0.02871932089328766,
        0.005446565803140402,
        0.0005404564435593784,
        0.00033179050660692155,
        9.39778983592987e-05,
        0.0002823385293595493,
        3.1795352697372437e-05,
        0.0,
        0.0,
        -0.00021947300410829484,
        -0.00029295062995515764,
        0.0,
        0.0,
        0.0,
        0.0
    ],
    "avg_train_rewards": [
        0.1770833432674408,
        0.1770833432674408,
        0.5416666865348816,
        0.46875,
        0.9375,
        0.9270833730697632,
        0.9479166865348816,
        0.9895833730697632,
        0.9895833730697632,
        0.9895833730697632,
        1.0,
        1.0,
        0.9791666865348816,
        0.9895833730697632,
        1.0,
        1.0,
        1.0,
        1.0
    ],
    "avg_val_rewards": [],
    "ref_kls": [],
    "old_kls": []
}