{
    "losses": [
        -1.7074247571358114e-09,
        0.0061910017393529415,
        0.0037454403936862946,
        0.006249424070119858,
        1.2417634698280722e-09,
        0.0003470461815595627,
        0.0017687160288915038,
        0.0019366306951269507,
        -1.2417634698280722e-09,
        4.4057458580937237e-05,
        0.0005661739851348102,
        0.00046354750520549715,
        1.2417634698280722e-09,
        0.0,
        6.121552723925561e-05,
        0.0,
        0.0,
        0.0,
        0.0,
        0.0,
        0.0,
        0.0,
        0.0,
        -1.5064453691593371e-05
    ],
    "avg_train_rewards": [
        0.15625,
        0.2395833432674408,
        0.09375,
        0.125,
        0.6666666865348816,
        0.5833333730697632,
        0.6041666865348816,
        0.5833333730697632,
        0.9583333730697632,
        0.9791666865348816,
        0.9375,
        0.9479166865348816,
        0.9895833730697632,
        1.0,
        0.9895833730697632,
        1.0,
        1.0,
        1.0,
        1.0,
        1.0,
        1.0,
        1.0,
        1.0,
        0.9895833730697632
    ],
    "avg_val_rewards": [],
    "ref_kls": [],
    "old_kls": []
}