{
    "rdt": {
        "avg_time": 0.03616080459323712,
        "std_time": 0.051511848478035416
    },
    "no_rdt": {
        "avg_time": 0.24469547280459664,
        "std_time": 0.079127729262334
    },
    "speedup": 6.766870249628245
}