{
    "losses": [
        0.0,
        7.450580596923828e-09,
        0.0,
        -1.4901161193847656e-08,
        7.450580596923828e-09,
        0.0,
        -3.725290298461914e-09,
        0.0,
        -1.862645149230957e-08,
        2.60770320892334e-08,
        7.450580596923828e-09,
        -7.450580596923828e-09,
        0.0,
        2.2351741790771484e-08,
        0.0,
        -6.332993507385254e-08
    ],
    "avg_train_rewards": [
        0.0625,
        0.03125,
        0.0625,
        0.03125,
        0.1875,
        0.125,
        0.125,
        0.0,
        0.1875,
        0.09375,
        0.1875,
        0.09375,
        0.375,
        0.03125,
        0.15625,
        0.40625
    ],
    "avg_val_rewards": [],
    "ref_kls": [],
    "old_kls": []
}