{
    "losses": [
        3.725290298461914e-09,
        -4.718701163142214e-08,
        6.208817460162663e-09,
        9.934107758624577e-09,
        -1.2417634698280722e-09,
        1.9868215517249155e-08,
        -6.208817349140361e-10,
        1.30385160446167e-08,
        -6.208817349140361e-10,
        0.0,
        0.0,
        0.0,
        0.0,
        0.0,
        0.0,
        0.0,
        0.0,
        0.0
    ],
    "avg_train_rewards": [
        0.1875,
        0.78125,
        0.9583333730697632,
        0.96875,
        0.9791666865348816,
        0.9479166865348816,
        0.9895833730697632,
        0.9895833730697632,
        0.9895833730697632,
        1.0,
        1.0,
        1.0,
        1.0,
        1.0,
        1.0,
        1.0,
        1.0,
        1.0
    ],
    "avg_val_rewards": [],
    "ref_kls": [],
    "old_kls": []
}